y,x,id,t,desc
-38.715826,-73.103236,T004,1,Presencia de agua
-38.714956,-73.094095,T005,0,Punto de medición
-38.721318,-73.111991,T006,3,Desborde de agua